date,hour,range_bps,flagged,class_hl,n_hl,maxsil_hl,class_binance,n_binance,maxsil_binance,class_okx,n_okx,maxsil_okx,usable,synthetic_caught,peak_ms_hl_binance,peak_corr_hl_binance,index_hl_binance,nret_hl_binance,peak_ms_okx_binance,peak_corr_okx_binance,index_okx_binance,nret_okx_binance
2026-07-18,0,18.1,0,complete,4586,0,complete,15402,0,complete,13630,0,1,1,600.0,0.5846,0.445,2632,25.0,0.3507,0.4053,7638
2026-07-18,1,19.7,0,complete,4741,0,complete,12378,0,complete,11066,0,1,1,625.0,0.6715,0.4672,2715,25.0,0.306,0.043,5653
2026-07-18,2,16.9,1,complete,4178,0,complete,12928,0,complete,11638,0,1,1,525.0,0.8229,0.5431,2335,-25.0,0.3017,0.05,5946
2026-07-18,3,13.8,1,complete,3557,0,complete,11789,0,complete,9823,0,1,1,975.0,0.7201,0.592,2294,25.0,0.3364,0.2339,5429
2026-07-18,4,12.7,0,complete,3691,0,complete,9721,0,complete,7309,0,1,1,500.0,0.7085,0.4109,2071,50.0,0.4577,0.2951,4600
2026-07-18,5,11.3,1,complete,4182,0,complete,10147,0,complete,8541,0,1,1,825.0,0.5206,0.4384,2588,0.0,0.3014,0.1962,4810
2026-07-18,6,9.4,0,complete,2805,0,complete,7257,0,complete,5869,0,1,1,475.0,0.3972,0.4315,1859,0.0,0.1396,0.2994,3981
2026-07-18,7,8.0,1,incomplete,3196,210342,complete,9059,0,complete,6914,0,0,,,,,,,,,
2026-07-18,8,10.9,0,complete,5418,0,complete,10123,0,complete,7642,0,1,1,800.0,0.4636,0.5307,2939,25.0,0.246,0.1431,4831
2026-07-18,9,10.6,0,complete,3080,0,complete,7745,0,complete,5767,0,1,1,650.0,0.6033,0.4503,2075,0.0,0.2619,-0.2202,3937
2026-07-18,10,4.2,1,complete,2173,0,complete,6396,0,complete,5337,0,1,1,1225.0,0.2798,0.3351,1603,0.0,0.3073,-0.2145,4382
2026-07-18,11,15.2,0,complete,3732,0,complete,7733,0,complete,9088,0,1,1,525.0,0.4285,0.4732,1992,-25.0,0.1778,-0.3776,7155
2026-07-18,12,33.6,0,complete,10211,0,complete,25193,0,complete,32231,0,1,1,525.0,0.5116,0.6173,4546,25.0,0.2012,0.2316,13258
2026-07-18,13,39.6,1,complete,5573,0,complete,25365,0,complete,24551,0,1,1,575.0,0.479,0.3179,2530,25.0,0.2583,0.0715,12716
2026-07-18,14,15.3,0,complete,6282,0,complete,16894,0,complete,14090,0,1,1,1475.0,0.3788,0.4554,3056,-25.0,0.2582,-0.0553,7492
2026-07-18,15,20.7,0,complete,4985,0,complete,14385,0,complete,11212,0,1,1,500.0,0.3757,0.4886,2838,25.0,0.3138,-0.1358,5979
2026-07-18,16,35.9,1,complete,6651,0,complete,21037,0,complete,17451,0,1,1,450.0,0.4689,1.0,3105,25.0,0.171,0.5006,7402
2026-07-18,17,38.3,0,complete,11840,0,complete,33401,0,complete,32682,0,1,1,575.0,0.5572,0.6194,4859,25.0,0.2684,0.0686,15885
2026-07-18,18,25.4,0,complete,14007,0,complete,33084,0,complete,28917,0,1,1,675.0,0.2825,0.5331,5615,25.0,0.1489,0.2462,11777
2026-07-18,19,18.9,1,complete,8935,0,complete,16191,0,complete,14611,0,1,1,575.0,0.5637,0.484,3281,50.0,0.2953,0.2789,8171
2026-07-18,20,37.5,0,complete,10138,0,complete,25150,0,complete,22830,0,1,1,600.0,0.3977,0.5467,3496,25.0,0.2005,0.0295,9239
2026-07-18,21,36.8,1,complete,10896,0,complete,26999,0,complete,26442,0,1,1,550.0,0.4694,0.5985,3251,25.0,0.2329,0.0994,10015
2026-07-18,22,26.3,1,complete,6501,0,complete,20766,0,complete,18630,0,1,1,550.0,0.8518,0.5576,2317,25.0,0.2981,-0.0152,8052
2026-07-18,23,19.9,0,complete,5946,0,complete,16859,0,complete,14286,0,1,1,575.0,0.7818,0.4902,2609,25.0,0.3067,-0.1322,7099
2026-07-19,0,22.2,0,complete,8611,0,complete,16928,0,complete,17285,0,1,1,475.0,0.5505,0.6374,3470,25.0,0.2598,0.1277,10606
2026-07-19,1,4.9,1,complete,3536,0,complete,12204,0,complete,9931,0,1,1,1150.0,0.1518,0.7616,2207,25.0,0.192,-0.1574,6782
2026-07-19,2,40.3,0,complete,8438,0,complete,27532,0,complete,26616,0,1,1,650.0,0.5895,0.6173,2805,25.0,0.2299,-0.0268,11749
2026-07-19,3,33.0,0,complete,4518,0,complete,18794,0,complete,17875,0,1,1,900.0,0.6027,0.5625,2313,25.0,0.2772,-0.0019,10085
2026-07-19,4,28.8,1,complete,5203,0,complete,14617,0,complete,12868,0,1,1,850.0,0.6744,0.4761,2328,25.0,0.2884,0.0458,7470
2026-07-19,5,23.6,0,complete,3505,0,complete,13641,0,complete,11515,0,1,1,825.0,0.6285,0.4821,2102,25.0,0.2513,0.322,5571
2026-07-19,6,10.0,0,complete,3424,0,complete,11516,0,complete,8736,0,1,1,800.0,0.5668,0.5843,2096,25.0,0.3696,0.1059,4502
2026-07-19,7,17.2,1,complete,5329,0,complete,13851,0,complete,10956,0,1,1,575.0,0.6839,0.5266,3297,25.0,0.2227,0.1738,6439
2026-07-19,8,18.5,0,complete,4007,0,complete,15320,0,complete,13320,0,1,1,550.0,0.6878,0.6918,2062,25.0,0.3021,0.1106,6654
2026-07-19,9,35.1,0,complete,6373,0,complete,18587,0,complete,17648,0,1,1,525.0,0.4193,0.4382,2740,25.0,0.2173,0.2769,9840
2026-07-19,10,34.3,1,complete,5281,0,complete,20408,0,complete,18471,0,1,1,675.0,0.667,0.5473,2361,25.0,0.3205,0.0869,9514
2026-07-19,11,30.7,0,complete,5925,0,complete,21426,0,complete,24876,0,1,1,525.0,0.5144,0.4668,2483,25.0,0.2751,0.0266,9707
2026-07-19,12,27.6,0,complete,8848,0,complete,32975,0,complete,35256,0,1,1,550.0,0.6675,0.6204,3192,-25.0,0.2,0.2092,15941
2026-07-19,13,34.5,1,complete,6192,0,complete,22901,0,complete,20781,0,1,1,550.0,0.6654,0.4792,2832,25.0,0.3122,0.0997,9844
2026-07-19,14,35.8,0,complete,8942,0,complete,24905,0,complete,23880,0,1,1,750.0,0.627,0.4998,4444,25.0,0.2734,-0.0546,11230
2026-07-19,15,20.1,0,complete,6385,0,complete,18179,0,complete,15544,0,1,1,850.0,0.5712,0.5325,2773,25.0,0.3173,-0.1326,7496
2026-07-19,16,20.8,1,complete,6495,0,complete,18496,0,complete,17569,0,1,1,600.0,0.7801,0.5189,3209,25.0,0.3752,-0.0263,7436
2026-07-19,17,55.9,0,complete,11089,0,complete,34017,0,complete,30697,0,1,1,550.0,0.6445,0.6446,4335,25.0,0.2739,0.0723,11160
2026-07-19,18,40.3,0,complete,8487,0,complete,33324,0,complete,31080,0,1,1,525.0,0.7452,0.5713,3460,25.0,0.3295,0.0431,10753
2026-07-19,19,18.3,1,complete,4242,0,complete,14007,0,complete,11677,0,1,1,800.0,0.7209,0.4951,2461,25.0,0.3031,-0.0999,4847
2026-07-19,20,12.7,0,complete,4218,0,complete,13225,0,complete,12469,0,1,1,500.0,0.6129,0.4851,2722,-25.0,0.2938,-0.0757,5451
2026-07-19,21,34.1,0,complete,7063,0,complete,17575,0,complete,13605,0,1,1,500.0,0.5531,0.5657,3735,25.0,0.2105,0.0665,5737
2026-07-19,22,84.6,1,complete,17558,0,complete,64816,0,complete,63501,0,1,1,600.0,0.7781,0.6111,6024,25.0,0.359,-0.1189,18724
2026-07-19,23,33.1,0,complete,7368,0,complete,33152,0,complete,31679,0,1,1,600.0,1.0807,0.4908,3908,25.0,0.4024,0.0337,9694
2026-07-20,0,105.4,0,complete,18311,0,complete,79553,0,complete,77770,0,1,1,600.0,0.6576,0.5088,6043,25.0,0.2789,0.0368,27164
2026-07-20,1,83.1,1,complete,13697,0,complete,68112,0,complete,76750,0,1,1,625.0,0.8372,0.4342,5016,25.0,0.358,-0.1126,24207
2026-07-20,2,52.6,0,complete,12591,0,complete,58558,0,complete,63905,0,1,1,600.0,0.8238,0.3812,4405,25.0,0.3419,-0.1173,19523
2026-07-20,3,43.2,0,complete,8358,0,complete,37313,0,complete,39703,0,1,1,525.0,0.7857,0.3103,3250,25.0,0.3658,0.0167,12472
2026-07-20,4,51.7,1,complete,8011,0,complete,33383,0,complete,31867,0,1,1,275.0,0.6997,0.4186,3037,25.0,0.3237,0.0966,11437
2026-07-20,5,72.7,0,complete,15590,0,complete,84576,0,complete,91846,0,1,1,750.0,0.6938,0.5874,5266,25.0,0.2529,-0.1023,31839
2026-07-20,6,73.3,1,complete,14981,0,complete,81381,0,complete,89091,0,1,1,575.0,0.5766,0.6383,5179,25.0,0.1655,0.125,32834
2026-07-20,7,64.2,0,complete,9797,0,complete,47659,0,complete,47630,0,1,1,525.0,0.6724,0.5528,4511,25.0,0.2677,0.0116,20472
2026-07-20,8,81.9,0,complete,13450,0,complete,47734,0,complete,47899,0,1,1,300.0,0.5334,0.7142,5287,25.0,0.1949,0.3533,19215
2026-07-20,9,42.5,1,complete,8807,0,complete,29044,0,complete,25378,0,1,1,600.0,0.6804,0.418,3665,25.0,0.3374,0.0256,10913
2026-07-20,10,40.0,0,complete,10355,0,complete,29476,0,complete,26389,0,1,1,850.0,0.5937,0.4798,4101,25.0,0.2899,0.1754,10901
2026-07-20,11,126.8,0,complete,19328,0,complete,89648,0,complete,85457,0,1,1,575.0,0.5143,0.6839,6854,25.0,0.1876,0.0924,33017
2026-07-20,12,62.6,1,complete,13452,0,complete,68777,0,complete,58525,0,1,1,550.0,0.5459,0.7015,5998,25.0,0.1245,0.1576,23868
2026-07-20,13,85.3,0,complete,19554,0,complete,101071,0,complete,106295,0,1,1,600.0,0.7513,0.7009,7015,25.0,0.2729,-0.0023,36280
2026-07-20,14,80.4,0,complete,19765,0,complete,110805,0,complete,116532,0,1,1,525.0,0.8152,0.6087,7868,25.0,0.3589,0.0189,35472
2026-07-20,15,187.8,1,complete,36210,0,complete,153643,0,complete,168257,0,1,1,550.0,0.3037,0.7462,11178,25.0,0.1061,0.0796,57391
2026-07-20,16,42.4,0,complete,19209,0,complete,73522,0,complete,66880,0,1,1,625.0,0.6105,0.7093,8068,25.0,0.2879,0.2196,26760
2026-07-20,17,43.5,1,complete,12465,0,complete,50179,0,complete,42676,0,1,1,600.0,0.7395,0.6268,5086,25.0,0.2553,0.1462,14031
2026-07-20,18,94.7,1,complete,27505,0,complete,74803,0,complete,64212,0,1,1,575.0,0.3402,0.6227,9167,25.0,0.1675,-0.0184,21296
2026-07-20,19,34.8,0,complete,21355,0,complete,51937,0,complete,43994,0,1,1,550.0,0.4468,0.7639,8513,25.0,0.1996,0.3011,14547
2026-07-20,20,60.8,0,complete,14374,0,complete,32564,0,complete,26863,0,1,1,150.0,0.5647,0.4748,5312,25.0,0.3066,0.0254,9558
2026-07-20,21,27.7,1,complete,7330,0,complete,21001,0,complete,15897,0,1,1,550.0,0.8814,0.5443,3819,25.0,0.2994,0.4055,6642
2026-07-20,22,32.3,0,complete,8969,0,complete,24928,0,complete,22277,0,1,1,600.0,0.6427,0.5468,4244,25.0,0.381,0.1237,8283
2026-07-20,23,23.7,0,complete,7533,0,complete,21401,0,complete,18161,0,1,1,850.0,0.5977,0.5038,3658,25.0,0.3504,0.045,7480
2026-07-21,0,65.8,1,complete,11251,0,complete,47054,0,complete,45913,0,1,1,675.0,0.7251,0.6097,5254,25.0,0.3366,0.0809,16577
2026-07-21,1,65.8,0,complete,11038,0,complete,39393,0,complete,38063,0,1,1,575.0,0.624,0.5656,4894,25.0,0.307,0.0763,14681
2026-07-21,2,50.1,0,complete,9722,0,complete,38175,0,complete,33862,0,1,1,575.0,0.5748,0.4973,4316,25.0,0.3018,-0.0414,12692
2026-07-21,3,28.4,1,complete,8802,0,complete,34146,0,complete,27983,0,1,1,525.0,0.9068,0.616,3888,25.0,0.34,0.1931,11001
2026-07-21,4,40.1,0,complete,11321,0,complete,34334,0,complete,33421,0,1,1,575.0,0.661,0.5093,5245,25.0,0.3037,0.1125,14522
2026-07-21,5,62.4,0,complete,12925,0,complete,44805,0,complete,42655,0,1,1,600.0,0.3519,0.6231,5230,25.0,0.1221,0.0681,15353
2026-07-21,6,55.1,1,complete,12999,0,complete,45981,0,complete,44263,0,1,1,625.0,0.6257,0.6313,5859,25.0,0.2924,0.1122,20275
2026-07-21,7,56.9,0,complete,18435,0,complete,60306,0,complete,62138,0,1,1,575.0,0.514,0.7354,6701,25.0,0.1867,0.16,26923
2026-07-21,8,34.3,0,complete,19247,0,complete,59371,0,complete,55876,0,1,1,575.0,0.6495,0.6745,7597,25.0,0.2857,0.1227,26212
2026-07-21,9,30.7,1,complete,11000,0,complete,31560,0,complete,25962,0,1,1,500.0,0.5206,0.5356,5410,25.0,0.2881,0.1535,12510
2026-07-21,10,34.9,0,complete,13534,0,complete,37400,0,complete,37410,0,1,1,575.0,0.8314,0.6344,5609,25.0,0.3235,0.1721,16194
2026-07-21,11,32.6,0,complete,8186,0,complete,29261,0,complete,24466,0,1,1,550.0,0.6734,0.6068,4674,25.0,0.3222,0.1881,12070
2026-07-21,12,57.6,1,complete,16795,0,complete,54424,0,complete,55613,0,1,1,525.0,0.5341,0.7108,6861,25.0,0.187,0.0581,25152
2026-07-21,13,71.7,0,complete,23386,0,complete,87724,0,complete,91128,0,1,1,550.0,0.6355,0.7982,9653,25.0,0.2979,0.0295,35800
2026-07-21,14,46.7,0,complete,28712,0,complete,92600,0,complete,94918,0,1,1,550.0,0.5264,0.6432,11716,25.0,0.2012,0.0981,40621
2026-07-21,15,47.6,1,complete,18468,0,complete,59326,0,complete,54978,0,1,1,625.0,0.6122,0.7079,8945,25.0,0.3105,0.1252,22117
2026-07-21,16,43.8,0,complete,14168,0,complete,39961,0,complete,37396,0,1,1,525.0,0.6141,0.5973,7605,25.0,0.2918,0.1558,15450
2026-07-21,17,65.6,0,complete,19926,0,complete,65897,0,complete,55168,0,1,1,525.0,0.2181,0.6714,8320,50.0,0.0679,0.186,18266
2026-07-21,18,41.7,1,complete,15170,0,complete,44297,0,complete,39386,0,1,1,550.0,0.7639,0.65,7138,25.0,0.2965,0.2522,14358
2026-07-21,19,35.1,0,complete,10609,0,complete,28812,0,complete,25725,0,1,1,550.0,0.5634,0.6537,5971,25.0,0.3222,0.336,11738
2026-07-21,20,21.5,1,complete,8572,0,complete,19073,0,complete,15682,0,1,1,750.0,0.581,0.5852,5235,25.0,0.387,0.1693,6880
2026-07-21,21,20.3,1,complete,10269,0,complete,20526,0,complete,17304,0,1,1,650.0,0.8015,0.7106,5307,25.0,0.3496,0.3021,7927
2026-07-21,22,25.5,0,complete,8909,0,complete,23138,0,complete,21111,0,1,1,575.0,0.5884,0.5146,5285,25.0,0.3013,0.0471,8544
2026-07-21,23,55.1,0,complete,10519,0,complete,25209,0,complete,23210,0,1,1,650.0,0.4903,0.5464,5615,25.0,0.2927,0.0656,10559
2026-07-22,0,30.7,1,complete,13135,0,complete,41146,0,complete,38558,0,1,1,525.0,0.6142,0.5639,6709,25.0,0.2844,0.0718,16836
2026-07-22,1,55.0,0,complete,14236,0,complete,36014,0,complete,36452,0,1,1,525.0,0.6224,0.5515,6321,25.0,0.2322,0.1068,16487
2026-07-22,2,36.4,1,complete,7929,0,complete,27526,0,complete,26386,0,1,1,575.0,0.5965,0.4547,4758,25.0,0.311,0.1225,10104
2026-07-22,3,29.7,1,complete,9822,0,complete,30124,0,complete,26997,0,1,1,550.0,0.7252,0.5428,5420,25.0,0.3598,-0.0121,11782
2026-07-22,4,35.5,1,complete,8294,0,complete,23277,0,complete,19445,0,1,1,525.0,0.7511,0.467,5140,25.0,0.3232,0.235,8530
2026-07-22,5,66.8,1,complete,16648,0,complete,45430,0,complete,45559,0,1,1,600.0,0.5399,0.5212,6821,25.0,0.2185,0.1156,19594
2026-07-22,6,31.8,0,complete,14753,0,complete,44617,0,complete,47189,0,1,1,550.0,0.5709,0.6694,6786,25.0,0.2586,0.0456,21114
2026-07-22,7,40.5,1,complete,11972,0,complete,38446,0,complete,35856,0,1,1,550.0,0.7047,0.7646,6614,25.0,0.3046,0.0728,15684
2026-07-22,8,50.8,1,complete,13911,0,complete,35770,0,complete,36370,0,1,1,525.0,0.574,0.7699,6475,-25.0,0.218,0.0474,16591
2026-07-22,9,35.9,0,complete,11328,0,complete,23876,0,complete,23399,0,1,1,600.0,0.5136,0.6187,5975,25.0,0.2866,0.209,11305
2026-07-22,10,34.7,1,complete,10351,0,complete,23803,0,complete,24184,0,1,1,575.0,0.461,0.5436,6730,25.0,0.1962,0.0751,10479
2026-07-22,11,29.2,0,complete,11897,0,complete,26639,0,complete,22646,0,1,1,550.0,0.643,0.6646,7892,-25.0,0.2391,-0.0466,10362
2026-07-22,12,69.6,0,complete,14892,0,complete,43522,0,complete,46107,0,1,1,525.0,0.392,0.6357,7010,25.0,0.1177,0.111,19037
2026-07-22,13,63.7,0,complete,19069,0,complete,66774,0,complete,65811,0,1,1,600.0,0.6151,0.5973,9142,25.0,0.2975,0.0649,28249
2026-07-22,14,96.3,0,complete,31519,0,complete,89629,0,complete,90445,0,1,1,575.0,0.5834,0.5753,10317,25.0,0.301,0.0549,32970
2026-07-22,15,50.8,0,complete,19927,0,complete,69587,0,complete,65378,0,1,1,625.0,0.5276,0.6268,8904,-25.0,0.2148,-0.0293,22484
2026-07-22,16,70.7,0,complete,19321,0,complete,62704,0,complete,64129,0,1,1,575.0,0.6911,0.7188,7666,25.0,0.2619,0.0895,23427
2026-07-22,17,51.5,0,complete,14048,0,complete,40321,0,complete,40534,0,1,1,550.0,0.6612,0.5051,6692,25.0,0.3245,0.0486,15636
2026-07-22,18,55.5,0,complete,16624,0,complete,40519,0,complete,37873,0,1,1,575.0,0.555,0.5377,7893,25.0,0.3217,0.1573,13311
2026-07-22,19,42.4,0,complete,12259,0,complete,30795,0,complete,25678,0,1,1,550.0,0.5828,0.6363,6859,25.0,0.3312,0.1611,8926
2026-07-22,20,30.5,0,complete,10918,0,complete,29125,0,complete,24403,0,1,1,575.0,0.8646,0.5602,5458,25.0,0.3482,0.1703,7400
2026-07-22,21,36.4,0,complete,9600,0,complete,19808,0,complete,14963,0,1,1,600.0,0.6849,0.7419,5024,25.0,0.3197,0.301,6446
2026-07-22,22,22.3,0,complete,8169,0,complete,19524,0,complete,16769,0,1,1,575.0,0.7366,0.6799,4934,25.0,0.4173,0.1171,5649
2026-07-22,23,47.9,0,complete,11452,0,complete,23426,0,complete,20737,0,1,1,600.0,0.5721,0.6187,5055,25.0,0.3572,0.0652,8125
2026-07-23,0,42.1,0,complete,13013,0,complete,37264,0,complete,34748,0,1,1,525.0,0.5384,0.6305,5786,25.0,0.2083,0.1262,15760
2026-07-23,1,72.4,0,complete,16976,0,complete,40783,0,complete,40843,0,1,1,575.0,0.6786,0.5196,6471,25.0,0.3987,0.055,17184
2026-07-23,2,30.2,0,complete,11350,0,complete,32417,0,complete,28442,0,1,1,525.0,0.663,0.4876,5639,25.0,0.3525,0.1436,11867
2026-07-23,3,37.9,0,complete,10665,0,complete,30404,0,complete,27009,0,1,1,575.0,0.6179,0.5791,5369,25.0,0.3032,0.1129,11702
2026-07-23,4,22.7,0,complete,8202,0,complete,22342,0,complete,20092,0,1,1,525.0,0.6394,0.4484,5375,25.0,0.404,0.1613,10003
2026-07-23,5,34.9,0,complete,7430,0,complete,20861,0,complete,19248,0,1,1,600.0,0.5629,0.426,4678,25.0,0.2933,0.015,9805
2026-07-23,6,30.8,1,complete,7206,0,complete,18415,0,complete,16810,0,1,1,600.0,0.7691,0.6038,4607,25.0,0.359,0.0138,8369
2026-07-23,7,67.4,0,complete,14549,0,complete,50164,0,complete,50172,0,1,1,625.0,0.2267,0.7438,6465,25.0,0.075,0.0437,22048
2026-07-23,8,38.4,0,complete,13734,0,complete,27293,0,complete,27129,0,1,1,600.0,0.6316,0.5985,6169,25.0,0.2331,0.1369,13410
2026-07-23,9,24.2,0,complete,11332,0,complete,25812,0,complete,22922,0,1,1,575.0,0.4969,0.6578,5329,25.0,0.28,0.0099,11140
2026-07-23,10,34.1,0,complete,9472,0,complete,23531,0,complete,19741,0,1,1,600.0,0.5325,0.5845,4961,25.0,0.3202,0.1515,9760
2026-07-23,11,31.7,0,complete,7984,0,complete,21955,0,complete,18978,0,1,1,550.0,0.5713,0.5727,5053,0.0,0.2744,0.0904,9004
2026-07-23,12,91.4,0,complete,22832,0,complete,70308,0,complete,73435,0,1,1,525.0,0.3686,0.6368,8620,25.0,0.1304,0.0263,34073
2026-07-23,13,54.9,0,complete,25612,0,complete,102401,0,complete,102067,0,1,1,650.0,0.3166,0.7002,9069,25.0,0.1144,-0.0198,37885
2026-07-23,14,59.7,0,complete,20871,0,complete,69135,0,complete,72353,0,1,1,550.0,0.6782,0.6001,7843,25.0,0.3327,-0.0173,29448
2026-07-23,15,46.2,0,complete,21477,0,complete,62661,0,complete,65080,0,1,1,550.0,0.5441,0.7401,9006,25.0,0.2626,0.0013,27467
2026-07-23,16,37.7,0,complete,13968,0,complete,37983,0,complete,34566,0,1,1,550.0,0.5506,0.5464,6224,25.0,0.3163,0.0607,15120
2026-07-23,17,36.3,0,complete,12866,0,complete,37400,0,complete,36128,0,1,1,650.0,0.614,0.6582,5225,25.0,0.2463,0.1439,12380
2026-07-23,18,42.2,0,complete,10506,0,complete,29650,0,complete,27087,0,1,1,675.0,0.6865,0.6091,5063,25.0,0.3327,0.1333,10891
2026-07-23,19,36.9,0,complete,8877,0,complete,33398,0,complete,27870,0,1,1,550.0,0.6335,0.6359,4346,25.0,0.3258,0.2854,9376
2026-07-23,20,56.1,0,complete,12913,0,complete,32045,0,complete,24623,0,1,1,550.0,0.3426,0.7632,5565,25.0,0.2239,0.2008,10885
2026-07-23,21,31.6,0,complete,8405,0,complete,24037,0,complete,19732,0,1,1,700.0,0.6647,0.7696,4543,25.0,0.3385,0.1975,8144
2026-07-23,22,31.0,0,complete,9407,0,complete,25065,0,complete,22324,0,1,1,575.0,0.6606,0.5845,4670,25.0,0.3115,0.3002,8384
2026-07-23,23,25.6,0,complete,6451,0,complete,19738,0,complete,17490,0,1,1,600.0,0.5904,0.5463,3535,25.0,0.2991,0.2015,7453
2026-07-24,0,55.6,0,complete,12751,0,complete,38363,0,complete,39549,0,1,1,525.0,0.5683,0.5891,4907,-25.0,0.2345,-0.0256,15133
2026-07-24,1,36.2,0,complete,9153,0,complete,33174,0,complete,34981,0,1,1,550.0,0.8736,0.4617,3752,25.0,0.3457,0.1546,14781
2026-07-24,2,41.7,0,complete,9852,0,complete,30090,0,complete,30469,0,1,1,625.0,0.7764,0.5153,3542,25.0,0.339,0.1323,12386
2026-07-24,3,59.6,0,complete,15827,0,complete,42069,0,complete,42658,0,1,1,550.0,0.4782,0.4238,5636,25.0,0.2531,0.1485,20668
2026-07-24,4,29.7,0,complete,7488,0,complete,25334,0,complete,24444,0,1,1,625.0,0.6272,0.515,3765,25.0,0.2879,0.1853,11646
2026-07-24,5,23.1,0,complete,6555,0,complete,18228,0,complete,16235,0,1,1,600.0,0.7823,0.6073,3539,25.0,0.3709,0.1919,7896
2026-07-24,6,37.7,0,complete,8225,0,complete,26276,0,complete,23960,0,1,1,625.0,0.6599,0.527,3762,25.0,0.2717,0.1693,11061
2026-07-24,7,69.5,1,complete,20350,0,complete,53450,0,complete,58138,0,1,1,475.0,0.3883,0.6975,7048,25.0,0.2106,0.0476,27169
2026-07-24,8,32.5,1,complete,9779,0,complete,22709,0,complete,23077,0,1,1,1000.0,0.4919,0.6011,4382,25.0,0.2879,0.0905,12476
2026-07-24,9,57.0,0,complete,19102,0,complete,42725,0,complete,47027,0,1,1,625.0,0.5441,0.5284,5943,25.0,0.2641,0.1145,22038
2026-07-24,10,40.4,0,complete,13151,0,complete,25792,0,complete,24195,0,1,1,950.0,0.5851,0.5772,5420,25.0,0.3188,0.1246,12029
2026-07-24,11,38.3,0,complete,11268,0,complete,34612,0,complete,30261,0,1,1,525.0,0.6748,0.6276,4906,0.0,0.2817,0.0865,12047
2026-07-24,12,61.2,0,complete,10347,0,complete,36909,0,complete,33484,0,1,1,600.0,0.7599,0.6588,4339,25.0,0.2965,0.2098,13295
2026-07-24,13,135.9,0,complete,40406,0,complete,129170,0,complete,144471,0,1,1,525.0,0.3907,0.7968,11398,25.0,0.1608,0.1063,56486
2026-07-24,14,73.4,0,complete,28818,0,complete,112861,0,complete,120636,0,1,1,675.0,0.3157,0.7374,10005,25.0,0.1252,-0.024,46434
2026-07-24,15,74.5,0,complete,22378,0,complete,102945,0,complete,94900,0,1,1,575.0,0.6715,0.71,8519,25.0,0.2054,0.0158,31256
2026-07-24,16,50.4,0,complete,12250,0,complete,41726,0,complete,38421,0,1,1,600.0,0.564,0.553,5554,25.0,0.2547,0.0121,16509
2026-07-24,17,47.2,0,complete,11237,0,complete,33173,0,complete,30448,0,1,1,575.0,0.7386,0.5914,5313,25.0,0.3052,0.1221,12242
2026-07-24,18,26.3,0,complete,9947,0,complete,22181,0,complete,21238,0,1,1,625.0,0.6399,0.6034,5148,25.0,0.2866,0.1127,9663
2026-07-24,19,26.3,0,complete,9830,0,complete,24972,0,complete,21203,0,1,1,625.0,0.6328,0.6038,5099,25.0,0.3776,0.0766,8029
2026-07-24,20,25.7,0,complete,7381,0,complete,15774,0,complete,12906,0,1,1,550.0,0.5573,0.4642,4036,25.0,0.3517,0.2559,6732
2026-07-24,21,14.2,0,complete,5894,0,complete,18527,0,complete,12794,0,1,1,525.0,0.8737,0.6629,3137,25.0,0.392,0.2669,5943
2026-07-24,22,14.7,0,complete,5108,0,complete,11925,0,complete,7954,0,1,1,750.0,0.428,0.6259,3121,25.0,0.3044,0.263,4473
2026-07-24,23,6.5,0,complete,4127,0,complete,12324,0,complete,6365,0,1,1,550.0,0.551,0.5152,2762,0.0,0.2955,0.3191,4174
2026-07-25,0,21.7,0,complete,5293,0,complete,14591,0,complete,10799,0,1,1,875.0,0.407,0.6369,3307,25.0,0.1971,0.6443,6519
2026-07-25,1,23.7,0,complete,6321,0,complete,16556,0,complete,15530,0,1,1,500.0,0.6709,0.4558,3363,25.0,0.2731,0.2336,9031
2026-07-25,2,12.2,0,complete,4627,0,complete,12326,0,complete,10056,0,1,1,700.0,0.7656,0.7629,2935,25.0,0.2954,0.0619,5900
2026-07-25,3,12.7,0,complete,4348,0,complete,11454,0,complete,8108,0,1,1,500.0,0.5218,0.4311,3015,-25.0,0.3176,0.2457,4802
2026-07-25,4,18.4,0,complete,4622,0,complete,12573,0,complete,9146,0,1,1,575.0,0.3911,0.6664,3122,25.0,0.2645,-0.0066,5810
2026-07-25,5,34.6,0,complete,4604,0,complete,12774,0,complete,11271,0,1,1,500.0,0.7467,0.6004,2741,25.0,0.3114,0.2268,6799
2026-07-25,6,17.3,0,complete,7144,0,complete,13876,0,complete,10317,0,1,1,550.0,0.6624,0.622,3441,25.0,0.2714,0.1649,6492
2026-07-25,7,5.8,1,incomplete,4564,208239,complete,11854,0,complete,8678,0,0,,,,,,,,,
2026-07-25,8,38.9,1,complete,9442,0,complete,20941,0,complete,18336,0,1,1,525.0,0.4707,0.3949,3597,25.0,0.2237,0.119,9627
2026-07-25,9,31.3,0,complete,8221,0,complete,16048,0,complete,13606,0,1,1,625.0,0.4697,0.3703,3680,25.0,0.3411,0.176,8167
2026-07-25,10,12.8,0,complete,5915,0,complete,10701,0,complete,9789,0,1,1,600.0,0.394,0.5965,3581,-25.0,0.3092,-0.1448,6012
2026-07-25,11,9.8,0,complete,6033,0,complete,11536,0,complete,8957,0,1,1,475.0,0.4457,0.2712,3775,-25.0,0.3514,0.1052,5861
2026-07-25,12,14.5,0,complete,3627,0,complete,10437,0,complete,8933,0,1,1,575.0,0.5347,0.3342,1717,25.0,0.3281,-0.245,5965
2026-07-25,13,23.6,0,complete,5632,0,complete,17814,0,complete,19022,0,1,1,525.0,0.3853,0.4493,2527,-25.0,0.2138,0.0538,10130
2026-07-25,14,15.1,0,complete,4079,0,complete,14261,0,complete,12811,0,1,1,525.0,0.5302,0.712,2424,25.0,0.2775,-0.0069,8045
2026-07-25,15,15.1,0,complete,5226,0,complete,15935,0,complete,14856,0,1,1,550.0,0.3407,0.4235,2761,25.0,0.3047,0.2929,9092
2026-07-25,16,19.5,0,complete,4159,0,complete,13507,0,complete,10386,0,1,1,475.0,0.4926,0.3262,2162,25.0,0.3645,0.2403,6242
2026-07-25,17,22.4,0,complete,5893,0,complete,15613,0,complete,13545,0,1,1,550.0,0.5118,0.7367,3055,25.0,0.2535,0.222,6958
2026-07-25,18,30.2,0,complete,7812,0,complete,20529,0,complete,19014,0,1,1,500.0,0.5288,0.5246,3854,50.0,0.1759,0.1489,8778
2026-07-25,19,9.3,0,complete,4930,0,complete,10048,0,complete,8455,0,1,1,775.0,0.5263,0.5645,2813,25.0,0.3618,0.1481,4768
2026-07-25,20,14.3,0,complete,4364,0,complete,11372,0,complete,8484,0,1,1,1500.0,0.4903,0.3264,2687,25.0,0.3195,-0.0152,5222
2026-07-25,21,25.8,0,complete,4037,0,complete,13295,0,complete,12080,0,1,1,600.0,0.6016,0.6767,2486,0.0,0.2029,0.0877,6135
2026-07-25,22,14.0,0,complete,2969,0,complete,9302,0,complete,7869,0,1,1,675.0,0.739,0.4311,1935,25.0,0.3232,0.2346,4187
2026-07-25,23,8.5,0,complete,2631,0,complete,7961,0,complete,6290,0,1,1,500.0,0.4242,0.207,1827,25.0,0.1878,-0.1395,4350
2026-07-26,0,24.2,0,complete,4594,0,complete,15475,0,complete,15227,0,1,1,575.0,0.4684,0.3755,2823,25.0,0.2175,0.1828,9460
