date,hour,range_bps,peak_ms_hl_binance,peak_corr_hl_binance,index_hl_binance,n_hl_binance,peak_ms_okx_binance,peak_corr_okx_binance,index_okx_binance,n_okx_binance
2026-07-18,0,18.1,600.0,0.5846,0.445,2632,25.0,0.3507,0.4053,7638
2026-07-18,1,19.7,625.0,0.6715,0.4672,2715,25.0,0.306,0.043,5653
2026-07-18,4,12.7,500.0,0.7085,0.4109,2071,50.0,0.4577,0.2951,4600
2026-07-18,6,9.4,475.0,0.3972,0.4315,1859,0.0,0.1396,0.2994,3981
2026-07-18,8,10.9,800.0,0.4636,0.5307,2939,25.0,0.246,0.1431,4831
2026-07-18,9,10.6,650.0,0.6033,0.4503,2075,0.0,0.2619,-0.2202,3937
2026-07-18,11,15.2,525.0,0.4285,0.4732,1992,-25.0,0.1778,-0.3776,7155
2026-07-18,12,33.6,525.0,0.5116,0.6173,4546,25.0,0.2012,0.2316,13258
2026-07-18,14,15.3,1475.0,0.3788,0.4554,3056,-25.0,0.2582,-0.0553,7492
2026-07-18,15,20.7,500.0,0.3757,0.4886,2838,25.0,0.3138,-0.1358,5979
2026-07-18,17,38.3,575.0,0.5572,0.6194,4859,25.0,0.2684,0.0686,15885
2026-07-18,18,25.4,675.0,0.2825,0.5331,5615,25.0,0.1489,0.2462,11777
2026-07-18,20,37.5,600.0,0.3977,0.5467,3496,25.0,0.2005,0.0295,9239
2026-07-18,23,19.9,575.0,0.7818,0.4902,2609,25.0,0.3067,-0.1322,7099
2026-07-19,0,22.2,475.0,0.5505,0.6374,3470,25.0,0.2598,0.1277,10606
2026-07-19,2,40.3,650.0,0.5895,0.6173,2805,25.0,0.2299,-0.0268,11749
2026-07-19,3,33.0,900.0,0.6027,0.5625,2313,25.0,0.2772,-0.0019,10085
2026-07-19,5,23.6,825.0,0.6285,0.4821,2102,25.0,0.2513,0.322,5571
2026-07-19,6,10.0,800.0,0.5668,0.5843,2096,25.0,0.3696,0.1059,4502
2026-07-19,8,18.5,550.0,0.6878,0.6918,2062,25.0,0.3021,0.1106,6654
2026-07-19,9,35.1,525.0,0.4193,0.4382,2740,25.0,0.2173,0.2769,9840
2026-07-19,11,30.7,525.0,0.5144,0.4668,2483,25.0,0.2751,0.0266,9707
2026-07-19,12,27.6,550.0,0.6675,0.6204,3192,-25.0,0.2,0.2092,15941
2026-07-19,14,35.8,750.0,0.627,0.4998,4444,25.0,0.2734,-0.0546,11230
2026-07-19,15,20.1,850.0,0.5712,0.5325,2773,25.0,0.3173,-0.1326,7496
2026-07-19,17,55.9,550.0,0.6445,0.6446,4335,25.0,0.2739,0.0723,11160
2026-07-19,18,40.3,525.0,0.7452,0.5713,3460,25.0,0.3295,0.0431,10753
2026-07-19,20,12.7,500.0,0.6129,0.4851,2722,-25.0,0.2938,-0.0757,5451
2026-07-19,21,34.1,500.0,0.5531,0.5657,3735,25.0,0.2105,0.0665,5737
2026-07-19,23,33.1,600.0,1.0807,0.4908,3908,25.0,0.4024,0.0337,9694
2026-07-20,0,105.4,600.0,0.6576,0.5088,6043,25.0,0.2789,0.0368,27164
2026-07-20,2,52.6,600.0,0.8238,0.3812,4405,25.0,0.3419,-0.1173,19523
2026-07-20,3,43.2,525.0,0.7857,0.3103,3250,25.0,0.3658,0.0167,12472
2026-07-20,5,72.7,750.0,0.6938,0.5874,5266,25.0,0.2529,-0.1023,31839
2026-07-20,7,64.2,525.0,0.6724,0.5528,4511,25.0,0.2677,0.0116,20472
2026-07-20,8,81.9,300.0,0.5334,0.7142,5287,25.0,0.1949,0.3533,19215
2026-07-20,10,40.0,850.0,0.5937,0.4798,4101,25.0,0.2899,0.1754,10901
2026-07-20,11,126.8,575.0,0.5143,0.6839,6854,25.0,0.1876,0.0924,33017
2026-07-20,13,85.3,600.0,0.7513,0.7009,7015,25.0,0.2729,-0.0023,36280
2026-07-20,14,80.4,525.0,0.8152,0.6087,7868,25.0,0.3589,0.0189,35472
2026-07-20,16,42.4,625.0,0.6105,0.7093,8068,25.0,0.2879,0.2196,26760
2026-07-20,19,34.8,550.0,0.4468,0.7639,8513,25.0,0.1996,0.3011,14547
2026-07-20,20,60.8,150.0,0.5647,0.4748,5312,25.0,0.3066,0.0254,9558
2026-07-20,22,32.3,600.0,0.6427,0.5468,4244,25.0,0.381,0.1237,8283
2026-07-20,23,23.7,850.0,0.5977,0.5038,3658,25.0,0.3504,0.045,7480
2026-07-21,1,65.8,575.0,0.624,0.5656,4894,25.0,0.307,0.0763,14681
2026-07-21,2,50.1,575.0,0.5748,0.4973,4316,25.0,0.3018,-0.0414,12692
2026-07-21,4,40.1,575.0,0.661,0.5093,5245,25.0,0.3037,0.1125,14522
2026-07-21,5,62.4,600.0,0.3519,0.6231,5230,25.0,0.1221,0.0681,15353
2026-07-21,7,56.9,575.0,0.514,0.7354,6701,25.0,0.1867,0.16,26923
2026-07-21,8,34.3,575.0,0.6495,0.6745,7597,25.0,0.2857,0.1227,26212
2026-07-21,10,34.9,575.0,0.8314,0.6344,5609,25.0,0.3235,0.1721,16194
2026-07-21,11,32.6,550.0,0.6734,0.6068,4674,25.0,0.3222,0.1881,12070
2026-07-21,13,71.7,550.0,0.6355,0.7982,9653,25.0,0.2979,0.0295,35800
2026-07-21,14,46.7,550.0,0.5264,0.6432,11716,25.0,0.2012,0.0981,40621
2026-07-21,16,43.8,525.0,0.6141,0.5973,7605,25.0,0.2918,0.1558,15450
2026-07-21,17,65.6,525.0,0.2181,0.6714,8320,50.0,0.0679,0.186,18266
2026-07-21,19,35.1,550.0,0.5634,0.6537,5971,25.0,0.3222,0.336,11738
2026-07-21,22,25.5,575.0,0.5884,0.5146,5285,25.0,0.3013,0.0471,8544
2026-07-21,23,55.1,650.0,0.4903,0.5464,5615,25.0,0.2927,0.0656,10559
2026-07-22,1,55.0,525.0,0.6224,0.5515,6321,25.0,0.2322,0.1068,16487
2026-07-22,6,31.8,550.0,0.5709,0.6694,6786,25.0,0.2586,0.0456,21114
2026-07-22,9,35.9,600.0,0.5136,0.6187,5975,25.0,0.2866,0.209,11305
2026-07-22,11,29.2,550.0,0.643,0.6646,7892,-25.0,0.2391,-0.0466,10362
2026-07-22,12,69.6,525.0,0.392,0.6357,7010,25.0,0.1177,0.111,19037
2026-07-22,13,63.7,600.0,0.6151,0.5973,9142,25.0,0.2975,0.0649,28249
2026-07-22,14,96.3,575.0,0.5834,0.5753,10317,25.0,0.301,0.0549,32970
2026-07-22,15,50.8,625.0,0.5276,0.6268,8904,-25.0,0.2148,-0.0293,22484
2026-07-22,16,70.7,575.0,0.6911,0.7188,7666,25.0,0.2619,0.0895,23427
2026-07-22,17,51.5,550.0,0.6612,0.5051,6692,25.0,0.3245,0.0486,15636
2026-07-22,18,55.5,575.0,0.555,0.5377,7893,25.0,0.3217,0.1573,13311
2026-07-22,19,42.4,550.0,0.5828,0.6363,6859,25.0,0.3312,0.1611,8926
2026-07-22,20,30.5,575.0,0.8646,0.5602,5458,25.0,0.3482,0.1703,7400
2026-07-22,21,36.4,600.0,0.6849,0.7419,5024,25.0,0.3197,0.301,6446
2026-07-22,22,22.3,575.0,0.7366,0.6799,4934,25.0,0.4173,0.1171,5649
2026-07-22,23,47.9,600.0,0.5721,0.6187,5055,25.0,0.3572,0.0652,8125
2026-07-23,0,42.1,525.0,0.5384,0.6305,5786,25.0,0.2083,0.1262,15760
2026-07-23,1,72.4,575.0,0.6786,0.5196,6471,25.0,0.3987,0.055,17184
2026-07-23,2,30.2,525.0,0.663,0.4876,5639,25.0,0.3525,0.1436,11867
2026-07-23,3,37.9,575.0,0.6179,0.5791,5369,25.0,0.3032,0.1129,11702
2026-07-23,4,22.7,525.0,0.6394,0.4484,5375,25.0,0.404,0.1613,10003
2026-07-23,5,34.9,600.0,0.5629,0.426,4678,25.0,0.2933,0.015,9805
2026-07-23,7,67.4,625.0,0.2267,0.7438,6465,25.0,0.075,0.0437,22048
2026-07-23,8,38.4,600.0,0.6316,0.5985,6169,25.0,0.2331,0.1369,13410
2026-07-23,9,24.2,575.0,0.4969,0.6578,5329,25.0,0.28,0.0099,11140
2026-07-23,10,34.1,600.0,0.5325,0.5845,4961,25.0,0.3202,0.1515,9760
2026-07-23,11,31.7,550.0,0.5713,0.5727,5053,0.0,0.2744,0.0904,9004
2026-07-23,12,91.4,525.0,0.3686,0.6368,8620,25.0,0.1304,0.0263,34073
2026-07-23,13,54.9,650.0,0.3166,0.7002,9069,25.0,0.1144,-0.0198,37885
2026-07-23,14,59.7,550.0,0.6782,0.6001,7843,25.0,0.3327,-0.0173,29448
2026-07-23,15,46.2,550.0,0.5441,0.7401,9006,25.0,0.2626,0.0013,27467
2026-07-23,16,37.7,550.0,0.5506,0.5464,6224,25.0,0.3163,0.0607,15120
2026-07-23,17,36.3,650.0,0.614,0.6582,5225,25.0,0.2463,0.1439,12380
2026-07-23,18,42.2,675.0,0.6865,0.6091,5063,25.0,0.3327,0.1333,10891
2026-07-23,19,36.9,550.0,0.6335,0.6359,4346,25.0,0.3258,0.2854,9376
2026-07-23,20,56.1,550.0,0.3426,0.7632,5565,25.0,0.2239,0.2008,10885
2026-07-23,21,31.6,700.0,0.6647,0.7696,4543,25.0,0.3385,0.1975,8144
2026-07-23,22,31.0,575.0,0.6606,0.5845,4670,25.0,0.3115,0.3002,8384
2026-07-23,23,25.6,600.0,0.5904,0.5463,3535,25.0,0.2991,0.2015,7453
2026-07-24,0,55.6,525.0,0.5683,0.5891,4907,-25.0,0.2345,-0.0256,15133
2026-07-24,1,36.2,550.0,0.8736,0.4617,3752,25.0,0.3457,0.1546,14781
2026-07-24,2,41.7,625.0,0.7764,0.5153,3542,25.0,0.339,0.1323,12386
2026-07-24,3,59.6,550.0,0.4782,0.4238,5636,25.0,0.2531,0.1485,20668
2026-07-24,4,29.7,625.0,0.6272,0.515,3765,25.0,0.2879,0.1853,11646
2026-07-24,5,23.1,600.0,0.7823,0.6073,3539,25.0,0.3709,0.1919,7896
2026-07-24,6,37.7,625.0,0.6599,0.527,3762,25.0,0.2717,0.1693,11061
2026-07-24,9,57.0,625.0,0.5441,0.5284,5943,25.0,0.2641,0.1145,22038
2026-07-24,10,40.4,950.0,0.5851,0.5772,5420,25.0,0.3188,0.1246,12029
2026-07-24,11,38.3,525.0,0.6748,0.6276,4906,0.0,0.2817,0.0865,12047
2026-07-24,12,61.2,600.0,0.7599,0.6588,4339,25.0,0.2965,0.2098,13295
2026-07-24,13,135.9,525.0,0.3907,0.7968,11398,25.0,0.1608,0.1063,56486
2026-07-24,14,73.4,675.0,0.3157,0.7374,10005,25.0,0.1252,-0.024,46434
2026-07-24,15,74.5,575.0,0.6715,0.71,8519,25.0,0.2054,0.0158,31256
2026-07-24,16,50.4,600.0,0.564,0.553,5554,25.0,0.2547,0.0121,16509
2026-07-24,17,47.2,575.0,0.7386,0.5914,5313,25.0,0.3052,0.1221,12242
2026-07-24,18,26.3,625.0,0.6399,0.6034,5148,25.0,0.2866,0.1127,9663
2026-07-24,19,26.3,625.0,0.6328,0.6038,5099,25.0,0.3776,0.0766,8029
2026-07-24,20,25.7,550.0,0.5573,0.4642,4036,25.0,0.3517,0.2559,6732
2026-07-24,21,14.2,525.0,0.8737,0.6629,3137,25.0,0.392,0.2669,5943
2026-07-24,22,14.7,750.0,0.428,0.6259,3121,25.0,0.3044,0.263,4473
2026-07-24,23,6.5,550.0,0.551,0.5152,2762,0.0,0.2955,0.3191,4174
2026-07-25,0,21.7,875.0,0.407,0.6369,3307,25.0,0.1971,0.6443,6519
2026-07-25,1,23.7,500.0,0.6709,0.4558,3363,25.0,0.2731,0.2336,9031
2026-07-25,2,12.2,700.0,0.7656,0.7629,2935,25.0,0.2954,0.0619,5900
2026-07-25,3,12.7,500.0,0.5218,0.4311,3015,-25.0,0.3176,0.2457,4802
2026-07-25,4,18.4,575.0,0.3911,0.6664,3122,25.0,0.2645,-0.0066,5810
2026-07-25,5,34.6,500.0,0.7467,0.6004,2741,25.0,0.3114,0.2268,6799
2026-07-25,6,17.3,550.0,0.6624,0.622,3441,25.0,0.2714,0.1649,6492
2026-07-25,9,31.3,625.0,0.4697,0.3703,3680,25.0,0.3411,0.176,8167
2026-07-25,10,12.8,600.0,0.394,0.5965,3581,-25.0,0.3092,-0.1448,6012
2026-07-25,11,9.8,475.0,0.4457,0.2712,3775,-25.0,0.3514,0.1052,5861
2026-07-25,12,14.5,575.0,0.5347,0.3342,1717,25.0,0.3281,-0.245,5965
2026-07-25,13,23.6,525.0,0.3853,0.4493,2527,-25.0,0.2138,0.0538,10130
2026-07-25,14,15.1,525.0,0.5302,0.712,2424,25.0,0.2775,-0.0069,8045
2026-07-25,15,15.1,550.0,0.3407,0.4235,2761,25.0,0.3047,0.2929,9092
2026-07-25,16,19.5,475.0,0.4926,0.3262,2162,25.0,0.3645,0.2403,6242
2026-07-25,17,22.4,550.0,0.5118,0.7367,3055,25.0,0.2535,0.222,6958
2026-07-25,18,30.2,500.0,0.5288,0.5246,3854,50.0,0.1759,0.1489,8778
2026-07-25,19,9.3,775.0,0.5263,0.5645,2813,25.0,0.3618,0.1481,4768
2026-07-25,20,14.3,1500.0,0.4903,0.3264,2687,25.0,0.3195,-0.0152,5222
2026-07-25,21,25.8,600.0,0.6016,0.6767,2486,0.0,0.2029,0.0877,6135
2026-07-25,22,14.0,675.0,0.739,0.4311,1935,25.0,0.3232,0.2346,4187
2026-07-25,23,8.5,500.0,0.4242,0.207,1827,25.0,0.1878,-0.1395,4350
2026-07-26,0,24.2,575.0,0.4684,0.3755,2823,25.0,0.2175,0.1828,9460
